timestamp,machine_name,gpu_info,gpu_memory,platform,model,trials,latency_avg_s,latency_min_s,latency_max_s,tokens_per_sec_avg,completion_tokens_avg,unload_code,unload_stdout,unload_stderr,last_sample_output_preview
2025-09-27T13:19:26.700274,MSI,NVIDIA GeForce RTX 4050 Laptop GPU,6141MB,Windows-11-10.0.26100-SP0,microsoft/phi-4-mini-reasoning,5,11.675552034378052,11.532783031463623,11.831220626831055,43.85609269917085,512.0,-1,,"Command '['lms', 'unload', '--all']' timed out after 30 seconds","<think>
Okay, so I need to summarize the Fermi Paradox in three bullet points. Let me start by recalling what the Fermi Paradox is about.

First, I remember that Enrico Fermi was a physicist, and the "
2025-09-27T13:20:02.948482,MSI,NVIDIA GeForce RTX 4050 Laptop GPU,6141MB,Windows-11-10.0.26100-SP0,text-embedding-nomic-embed-text-v1.5,5,0,0,0,0,0,0,,"Unloading ""qwen/qwen3-4b-thinking-2507""...
Unloading ""google/gemma-3-4b""...
Unloading ""fusechat-gemma-2-9b-instruct""...
Unloading ""mistralai/mistral-7b-instruct-v0.3""...
Unloading ""meta-llama-3.1-8b-instruct""...
Unloading ""meta-llama-3.1-8b-instruct:2""...
Unloading ""qwen2-vl-7b-instruct""...
Unloading ""text-embedding-nomic-embed-text-v1.5""...
Unloaded 8 models.
",
2025-09-27T13:20:13.497975,MSI,NVIDIA GeForce RTX 4050 Laptop GPU,6141MB,Windows-11-10.0.26100-SP0,google/gemma-3-1b,5,0,0,0,0,0,0,,"No models to unload.
",
2025-09-27T13:20:24.000585,MSI,NVIDIA GeForce RTX 4050 Laptop GPU,6141MB,Windows-11-10.0.26100-SP0,phi-3-mini-4k-instruct,5,0,0,0,0,0,0,,"No models to unload.
",
2025-09-27T13:20:34.559260,MSI,NVIDIA GeForce RTX 4050 Laptop GPU,6141MB,Windows-11-10.0.26100-SP0,microsoft/phi-4-mini-reasoning:2,5,0,0,0,0,0,0,,"No models to unload.
",
2025-09-27T13:20:45.199967,MSI,NVIDIA GeForce RTX 4050 Laptop GPU,6141MB,Windows-11-10.0.26100-SP0,qwen/qwen3-4b-thinking-2507,5,0,0,0,0,0,0,,"No models to unload.
",
2025-09-27T13:20:55.797705,MSI,NVIDIA GeForce RTX 4050 Laptop GPU,6141MB,Windows-11-10.0.26100-SP0,google/gemma-3-4b,5,0,0,0,0,0,0,,"No models to unload.
",
2025-09-27T13:21:06.323179,MSI,NVIDIA GeForce RTX 4050 Laptop GPU,6141MB,Windows-11-10.0.26100-SP0,fusechat-gemma-2-9b-instruct,5,0,0,0,0,0,0,,"No models to unload.
",
2025-09-27T13:21:16.940066,MSI,NVIDIA GeForce RTX 4050 Laptop GPU,6141MB,Windows-11-10.0.26100-SP0,mistralai/mistral-7b-instruct-v0.3,5,0,0,0,0,0,0,,"No models to unload.
",
2025-09-27T13:21:27.639384,MSI,NVIDIA GeForce RTX 4050 Laptop GPU,6141MB,Windows-11-10.0.26100-SP0,meta-llama-3.1-8b-instruct,5,0,0,0,0,0,0,,"No models to unload.
",
2025-09-27T13:21:38.296755,MSI,NVIDIA GeForce RTX 4050 Laptop GPU,6141MB,Windows-11-10.0.26100-SP0,meta-llama-3.1-8b-instruct:2,5,0,0,0,0,0,0,,"No models to unload.
",
2025-09-27T13:21:48.541981,MSI,NVIDIA GeForce RTX 4050 Laptop GPU,6141MB,Windows-11-10.0.26100-SP0,qwen2-vl-7b-instruct,5,0,0,0,0,0,0,,,
