trial_id,timestamp,model,trial,realness_score,coherence_score,naturalness_score,overall_score,brief_feedback,grading_error
google/gemma-3-1b_1_1759012007,2025-09-27T18:26:49.931892,google/gemma-3-1b,1,8,9,8,8,"The conversation is quite realistic and coherent, with natural speech patterns, though some phrases could be more fluid.",
google/gemma-3-1b_2_1759012017,2025-09-27T18:26:59.751308,google/gemma-3-1b,2,8,9,8,8,"The conversation is quite realistic and coherent, with natural speech patterns, though some responses could be slightly more varied.",
google/gemma-3-1b_3_1759012027,2025-09-27T18:27:10.518573,google/gemma-3-1b,3,8,9,8,8,"The conversation is quite realistic and coherent, with natural speech patterns, though some responses could be slightly more varied.",
google/gemma-3-1b_4_1759012037,2025-09-27T18:27:19.577949,google/gemma-3-1b,4,8,7,8,7,"The conversation feels realistic and flows well, but some responses could be more concise and focused.",
google/gemma-3-1b_5_1759012047,2025-09-27T18:27:29.861858,google/gemma-3-1b,5,8,9,8,8,"The conversation is quite realistic and coherent, with natural speech patterns, though some responses could be more varied.",
google/gemma-3-1b_6_1759012057,2025-09-27T18:27:38.750116,google/gemma-3-1b,6,8,9,8,8,"The conversation is quite realistic and coherent, with natural speech patterns, though some responses could be slightly more varied.",
google/gemma-3-1b_7_1759012067,2025-09-27T18:27:48.907589,google/gemma-3-1b,7,8,9,8,8,"The conversation is quite realistic and coherent, though some responses could be more varied to enhance naturalness.",
google/gemma-3-1b_8_1759012077,2025-09-27T18:27:58.713761,google/gemma-3-1b,8,8,9,8,8,"The conversation is quite realistic and coherent, with natural speech patterns, though some responses could be slightly more concise.",
google/gemma-3-1b_9_1759012087,2025-09-27T18:28:08.879040,google/gemma-3-1b,9,8,9,8,8,"The conversation is quite realistic and coherent, though some responses could be more concise.",
google/gemma-3-1b_10_1759012097,2025-09-27T18:28:18.928361,google/gemma-3-1b,10,8,9,8,8,"The conversation feels realistic and coherent, with natural speech patterns, though some responses could be more concise.",
phi-3-mini-4k-instruct_1_1759012238,2025-09-27T18:30:40.617521,phi-3-mini-4k-instruct,1,8,9,8,8,"The conversation is quite realistic and coherent, with natural speech patterns, though some minor adjustments could enhance its believability.",
phi-3-mini-4k-instruct_2_1759012379,2025-09-27T18:33:01.464319,phi-3-mini-4k-instruct,2,8,9,8,8,"The conversation is quite realistic and coherent, with only minor areas for improvement in naturalness and flow.",
phi-3-mini-4k-instruct_3_1759012524,2025-09-27T18:35:26.797295,phi-3-mini-4k-instruct,3,8,9,8,8,"The conversation is quite realistic and coherent, with natural speech patterns, though some minor adjustments could enhance its authenticity.",
phi-3-mini-4k-instruct_4_1759012668,2025-09-27T18:37:50.010122,phi-3-mini-4k-instruct,4,8,9,8,8,"The conversation is realistic and coherent, with natural speech patterns, though some responses could be slightly more concise.",
phi-3-mini-4k-instruct_5_1759012816,2025-09-27T18:40:18.502836,phi-3-mini-4k-instruct,5,8,9,8,8,"The conversation is realistic and coherent, with natural speech patterns, though it could benefit from more nuanced responses.",
phi-3-mini-4k-instruct_6_1759012964,2025-09-27T18:42:46.666052,phi-3-mini-4k-instruct,6,8,9,8,8,"The conversation is realistic and coherent, with natural speech patterns, though some responses could be slightly more human-like.",
phi-3-mini-4k-instruct_7_1759013073,2025-09-27T18:44:34.828386,phi-3-mini-4k-instruct,7,8,9,8,8,"The conversation is quite realistic and coherent, with natural speech patterns, though some minor adjustments could enhance its believability.",
phi-3-mini-4k-instruct_8_1759013214,2025-09-27T18:46:56.416496,phi-3-mini-4k-instruct,8,8,9,8,8,"The conversation is realistic and coherent, with natural speech patterns, though some responses could be slightly more human-like.",
phi-3-mini-4k-instruct_9_1759013359,2025-09-27T18:49:21.258378,phi-3-mini-4k-instruct,9,9,9,8,9,"The conversation is realistic and flows well, with only minor areas for improvement in naturalness.",
phi-3-mini-4k-instruct_10_1759013506,2025-09-27T18:51:48.415177,phi-3-mini-4k-instruct,10,8,9,8,8,"The conversation is quite realistic and coherent, with natural speech patterns, though some responses could be slightly more concise.",
microsoft/phi-4-mini-reasoning_1_1759013703,2025-09-27T18:55:05.356312,microsoft/phi-4-mini-reasoning,1,7,8,7,7,"The conversation is fairly realistic and coherent, but some phrases could be more natural and fluid.",
microsoft/phi-4-mini-reasoning_2_1759013852,2025-09-27T18:57:34.266647,microsoft/phi-4-mini-reasoning,2,7,8,7,7,The conversation captures some realistic elements but could benefit from more nuanced human-like interactions and emotional depth.,
microsoft/phi-4-mini-reasoning_3_1759014002,2025-09-27T19:00:03.952468,microsoft/phi-4-mini-reasoning,3,7,8,7,7,"The conversation is fairly realistic and coherent, but some phrases feel slightly scripted and could benefit from more varied speech patterns.",
microsoft/phi-4-mini-reasoning_4_1759014146,2025-09-27T19:02:28.682893,microsoft/phi-4-mini-reasoning,4,8,7,8,7,"The conversation captures the anxious tone of a first-time patient well, but could benefit from more varied responses and smoother transitions.",
microsoft/phi-4-mini-reasoning_5_1759014292,2025-09-27T19:04:54.545548,microsoft/phi-4-mini-reasoning,5,7,8,7,7,The conversation captures a realistic scenario but could benefit from more varied speech patterns and deeper engagement.,
microsoft/phi-4-mini-reasoning_6_1759014381,2025-09-27T19:06:23.083833,microsoft/phi-4-mini-reasoning,6,8,9,8,8,"The conversation is quite realistic and coherent, with only minor areas for improvement in naturalness.",
microsoft/phi-4-mini-reasoning_7_1759014534,2025-09-27T19:08:56.068649,microsoft/phi-4-mini-reasoning,7,8,7,7,7,"The conversation is quite realistic and coherent, but some parts could be more fluid and natural.",
microsoft/phi-4-mini-reasoning_8_1759014678,2025-09-27T19:11:20.576400,microsoft/phi-4-mini-reasoning,8,7,8,7,7,"The conversation is fairly realistic and coherent, but some phrases could be more natural and fluid.",
microsoft/phi-4-mini-reasoning_9_1759014823,2025-09-27T19:13:46.151556,microsoft/phi-4-mini-reasoning,9,7,8,7,7,The conversation captures the essence of a healthcare appointment but could benefit from more nuanced hesitations and corrections to enhance realism.,
microsoft/phi-4-mini-reasoning_10_1759014901,2025-09-27T19:15:03.507229,microsoft/phi-4-mini-reasoning,10,8,9,8,8,"The conversation is quite realistic and coherent, with natural speech patterns, though some minor adjustments could enhance its believability.",
qwen/qwen3-4b-thinking-2507_1_1759015063,2025-09-27T19:17:45.026408,qwen/qwen3-4b-thinking-2507,1,8,7,8,7,"The conversation is quite realistic and natural, but some parts could flow better and include more varied hesitations.",
qwen/qwen3-4b-thinking-2507_2_1759015215,2025-09-27T19:20:17.116636,qwen/qwen3-4b-thinking-2507,2,8,9,8,8,"The conversation is realistic and coherent, with natural speech patterns, but could benefit from more varied hesitations and corrections.",
qwen/qwen3-4b-thinking-2507_3_1759015370,2025-09-27T19:22:52.083921,qwen/qwen3-4b-thinking-2507,3,7,8,7,7,"The conversation is fairly realistic and coherent, but some responses could be more natural and fluid.",
qwen/qwen3-4b-thinking-2507_4_1759015537,2025-09-27T19:25:39.530455,qwen/qwen3-4b-thinking-2507,4,8,9,8,8,"The conversation is quite realistic and coherent, with natural speech patterns, though it could benefit from more varied expressions of hesitation.",
qwen/qwen3-4b-thinking-2507_5_1759015696,2025-09-27T19:28:18.201369,qwen/qwen3-4b-thinking-2507,5,7,6,7,6,The conversation captures some realistic elements but lacks fluidity and depth in addressing the patient's work conflict.,
qwen/qwen3-4b-thinking-2507_6_1759015848,2025-09-27T19:30:50.667017,qwen/qwen3-4b-thinking-2507,6,8,9,8,8,The conversation effectively captures the anxious tone of a first-time patient while maintaining logical flow and natural speech patterns.,
qwen/qwen3-4b-thinking-2507_7_1759016004,2025-09-27T19:33:26.045455,qwen/qwen3-4b-thinking-2507,7,8,9,8,8,"The conversation is quite realistic and flows well, though some phrases could be more varied for a natural feel.",
qwen/qwen3-4b-thinking-2507_8_1759016169,2025-09-27T19:36:11.817752,qwen/qwen3-4b-thinking-2507,8,8,9,8,8,The conversation effectively captures the nuances of an elderly patient with hearing difficulties while maintaining a logical flow and natural speech patterns.,
qwen/qwen3-4b-thinking-2507_9_1759016327,2025-09-27T19:38:50.309039,qwen/qwen3-4b-thinking-2507,9,8,7,8,7,"The conversation captures the essence of an elderly patient with hearing difficulties, though some lines could be more varied for better flow.",
qwen/qwen3-4b-thinking-2507_10_1759016481,2025-09-27T19:41:23.671630,qwen/qwen3-4b-thinking-2507,10,7,8,7,7,"The conversation is fairly realistic and coherent, but some parts feel slightly mechanical and could benefit from more natural speech patterns.",
google/gemma-3-4b_1_1759016632,2025-09-27T19:43:54.205580,google/gemma-3-4b,1,8,9,8,8,"The conversation is quite realistic and coherent, though some responses could be more nuanced to enhance naturalness.",
google/gemma-3-4b_2_1759016781,2025-09-27T19:46:24.007718,google/gemma-3-4b,2,8,9,8,8,"The conversation is quite realistic and coherent, with natural speech patterns, though some minor adjustments could enhance its believability.",
google/gemma-3-4b_3_1759016917,2025-09-27T19:48:39.400769,google/gemma-3-4b,3,8,9,8,8,"The conversation is quite realistic and coherent, with natural speech patterns, though some responses could be slightly more varied.",
google/gemma-3-4b_4_1759017052,2025-09-27T19:50:53.498165,google/gemma-3-4b,4,8,9,8,8,"The conversation is quite realistic and coherent, with natural speech patterns, though some pauses and hesitations could be more varied.",
google/gemma-3-4b_5_1759017196,2025-09-27T19:53:17.605540,google/gemma-3-4b,5,8,9,8,8,"The conversation is quite realistic and coherent, with natural speech patterns, though some minor adjustments could enhance its authenticity.",
google/gemma-3-4b_6_1759017347,2025-09-27T19:55:48.846603,google/gemma-3-4b,6,8,9,8,8,"The conversation is quite realistic and coherent, with natural speech patterns, though some responses could be slightly more nuanced.",
google/gemma-3-4b_7_1759017484,2025-09-27T19:58:06.070814,google/gemma-3-4b,7,8,9,8,8,"The conversation is quite realistic and coherent, with natural speech patterns, though some minor adjustments could enhance its believability.",
google/gemma-3-4b_8_1759017621,2025-09-27T20:00:22.930781,google/gemma-3-4b,8,8,9,8,8,"The conversation is quite realistic and coherent, with natural speech patterns, though some minor awkwardness remains.",
google/gemma-3-4b_9_1759017766,2025-09-27T20:02:48.244375,google/gemma-3-4b,9,8,9,8,8,"The conversation is realistic and coherent, with natural speech patterns, though some responses could be slightly more varied.",
google/gemma-3-4b_10_1759017916,2025-09-27T20:05:19.443735,google/gemma-3-4b,10,8,9,8,8,"The conversation is quite realistic and coherent, with natural speech patterns, though some minor adjustments could enhance its authenticity.",
google/gemma-3-4b:2_1_1759018066,2025-09-27T20:07:48.806034,google/gemma-3-4b:2,1,8,9,8,8,"The conversation is quite realistic and coherent, with natural speech patterns, though some minor adjustments could enhance its believability.",
google/gemma-3-4b:2_2_1759018208,2025-09-27T20:10:10.922431,google/gemma-3-4b:2,2,8,9,8,8,"The conversation is quite realistic and coherent, with natural speech patterns, though some minor adjustments could enhance its believability.",
google/gemma-3-4b:2_3_1759018345,2025-09-27T20:12:27.605976,google/gemma-3-4b:2,3,9,9,8,9,"The conversation is highly realistic and coherent, with only minor areas for improvement in natural speech patterns.",
google/gemma-3-4b:2_4_1759018495,2025-09-27T20:14:57.500641,google/gemma-3-4b:2,4,8,9,8,8,"The conversation is quite realistic and coherent, with natural speech patterns, though some minor adjustments could enhance its believability.",
google/gemma-3-4b:2_5_1759018643,2025-09-27T20:17:25.626854,google/gemma-3-4b:2,5,8,9,8,8,"The conversation is quite realistic and coherent, though some responses could be more varied to enhance naturalness.",
google/gemma-3-4b:2_6_1759018780,2025-09-27T20:19:42.301295,google/gemma-3-4b:2,6,8,9,8,8,"The conversation is quite realistic and coherent, with natural speech patterns, though some minor adjustments could enhance its believability.",
google/gemma-3-4b:2_7_1759018917,2025-09-27T20:22:00.480020,google/gemma-3-4b:2,7,8,9,8,8,"The conversation is quite realistic and coherent, with natural speech patterns, though some minor adjustments could enhance its believability.",
google/gemma-3-4b:2_8_1759019069,2025-09-27T20:24:31.028362,google/gemma-3-4b:2,8,8,9,8,8,"The conversation is quite realistic and coherent, with natural speech patterns, though some responses could be slightly more varied.",
google/gemma-3-4b:2_9_1759019222,2025-09-27T20:27:04.707888,google/gemma-3-4b:2,9,8,9,8,8,"The conversation is quite realistic and coherent, with natural speech patterns, though some minor adjustments could enhance its believability.",
google/gemma-3-4b:2_10_1759019361,2025-09-27T20:29:22.991082,google/gemma-3-4b:2,10,8,9,8,8,"The conversation is quite realistic and coherent, with natural speech patterns, though some moments feel slightly scripted.",
google/gemma-3n-e4b_1_1759019555,2025-09-27T20:32:37.003351,google/gemma-3n-e4b,1,9,9,8,9,"The conversation is highly realistic and coherent, with only minor areas for improvement in naturalness.",
google/gemma-3n-e4b_2_1759019749,2025-09-27T20:35:51.557411,google/gemma-3n-e4b,2,8,9,8,8,"The conversation is realistic and coherent, with natural speech patterns, though some pauses could be more varied.",
google/gemma-3n-e4b_3_1759019919,2025-09-27T20:38:41.799741,google/gemma-3n-e4b,3,8,9,8,8,"The conversation is realistic and coherent, with natural speech patterns, though some hesitations could be more varied.",
google/gemma-3n-e4b_4_1759020083,2025-09-27T20:41:25.465134,google/gemma-3n-e4b,4,9,9,8,9,"The conversation is realistic and flows well, with only minor areas for improvement in natural speech patterns.",
google/gemma-3n-e4b_5_1759020277,2025-09-27T20:44:39.064135,google/gemma-3n-e4b,5,8,9,8,8,"The conversation is realistic and coherent, with natural speech patterns, though some minor adjustments could enhance its believability.",
google/gemma-3n-e4b_6_1759020472,2025-09-27T20:47:54.486537,google/gemma-3n-e4b,6,8,9,8,8,"The conversation is quite realistic and coherent, though some phrases could be more fluid to enhance naturalness.",
google/gemma-3n-e4b_7_1759020637,2025-09-27T20:50:39.011487,google/gemma-3n-e4b,7,9,9,8,9,"The conversation is realistic and flows well, with natural speech patterns, making it suitable for training chatbot systems.",
google/gemma-3n-e4b_8_1759020806,2025-09-27T20:53:28.248270,google/gemma-3n-e4b,8,8,9,8,8,"The conversation is quite realistic and coherent, with natural speech patterns, though some minor adjustments could enhance its believability.",
google/gemma-3n-e4b_9_1759020995,2025-09-27T20:56:38.747588,google/gemma-3n-e4b,9,8,9,8,8,"The conversation is realistic and coherent, with natural speech patterns, though some minor adjustments could enhance its authenticity.",
google/gemma-3n-e4b_10_1759021192,2025-09-27T20:59:53.819353,google/gemma-3n-e4b,10,8,9,8,8,"The conversation is realistic and coherent, with natural speech patterns, though some pauses and hesitations could be more varied.",
mistralai/mistral-7b-instruct-v0.3_1_1759025294,2025-09-27T22:08:16.904739,mistralai/mistral-7b-instruct-v0.3,1,8,9,8,8,"The conversation is quite realistic and coherent, though some pauses and hesitations could be more varied for greater naturalness.",
mistralai/mistral-7b-instruct-v0.3_2_1759025490,2025-09-27T22:11:32.971656,mistralai/mistral-7b-instruct-v0.3,2,8,9,8,8,"The conversation is quite realistic and coherent, with natural speech patterns, though some minor improvements could enhance its believability.",
mistralai/mistral-7b-instruct-v0.3_3_1759025679,2025-09-27T22:14:41.283883,mistralai/mistral-7b-instruct-v0.3,3,8,9,8,8,"The conversation is quite realistic and coherent, with natural speech patterns, though some responses could be slightly more casual.",
mistralai/mistral-7b-instruct-v0.3_4_1759025865,2025-09-27T22:17:47.421220,mistralai/mistral-7b-instruct-v0.3,4,8,9,8,8,"The conversation is realistic and coherent, with natural speech patterns, though some minor adjustments could enhance its believability.",
mistralai/mistral-7b-instruct-v0.3_5_1759026074,2025-09-27T22:21:16.653660,mistralai/mistral-7b-instruct-v0.3,5,8,9,8,8,"The conversation is realistic and coherent, with natural speech patterns, making it suitable for training chatbot systems.",
mistralai/mistral-7b-instruct-v0.3_6_1759026249,2025-09-27T22:24:11.570685,mistralai/mistral-7b-instruct-v0.3,6,8,9,8,8,"The conversation is quite realistic and coherent, with natural speech patterns, though some minor improvements could enhance its believability.",
mistralai/mistral-7b-instruct-v0.3_7_1759026469,2025-09-27T22:27:51.846822,mistralai/mistral-7b-instruct-v0.3,7,8,9,8,8,"The conversation is quite realistic and coherent, with natural speech patterns, though some responses could be slightly more human-like.",
mistralai/mistral-7b-instruct-v0.3_8_1759026672,2025-09-27T22:31:14.537813,mistralai/mistral-7b-instruct-v0.3,8,8,9,8,8,"The conversation is quite realistic and coherent, with natural speech patterns, though some phrases could be slightly more casual.",
mistralai/mistral-7b-instruct-v0.3_9_1759026889,2025-09-27T22:34:51.547677,mistralai/mistral-7b-instruct-v0.3,9,8,9,8,8,"The conversation is realistic and coherent, with natural speech patterns, though some responses could be slightly more nuanced.",
mistralai/mistral-7b-instruct-v0.3_10_1759027084,2025-09-27T22:38:06.724209,mistralai/mistral-7b-instruct-v0.3,10,8,9,8,8,"The conversation is realistic and coherent, with natural speech patterns, though some responses could be slightly more varied.",
meta-llama-3.1-8b-instruct_1_1759027304,2025-09-27T22:41:46.661435,meta-llama-3.1-8b-instruct,1,8,9,8,8,"The conversation is quite realistic and coherent, with natural speech patterns, though some hesitations could be more varied.",
meta-llama-3.1-8b-instruct_2_1759027543,2025-09-27T22:45:45.193456,meta-llama-3.1-8b-instruct,2,8,9,8,8,"The conversation is quite realistic and coherent, with natural speech patterns, though some pauses could be more varied.",
meta-llama-3.1-8b-instruct_3_1759027785,2025-09-27T22:49:48.319474,meta-llama-3.1-8b-instruct,3,8,9,8,8,"The conversation is quite realistic and flows well, though some responses could be slightly more concise.",
meta-llama-3.1-8b-instruct_4_1759028019,2025-09-27T22:53:41.079243,meta-llama-3.1-8b-instruct,4,8,9,8,8,"The conversation is quite realistic and coherent, with natural speech patterns, though some pauses could be more fluid.",
meta-llama-3.1-8b-instruct_5_1759028264,2025-09-27T22:57:47.568030,meta-llama-3.1-8b-instruct,5,8,9,8,8,"The conversation is quite realistic and coherent, with natural speech patterns, though some pauses and hesitations could be more varied.",
meta-llama-3.1-8b-instruct_6_1759028501,2025-09-27T23:01:43.053067,meta-llama-3.1-8b-instruct,6,8,9,8,8,"The conversation feels realistic and coherent, with natural speech patterns, though some minor adjustments could enhance its authenticity.",
meta-llama-3.1-8b-instruct_7_1759028739,2025-09-27T23:05:42.094177,meta-llama-3.1-8b-instruct,7,8,9,8,8,"The conversation is quite realistic and coherent, with natural speech patterns, though some responses could be more concise.",
meta-llama-3.1-8b-instruct_8_1759028972,2025-09-27T23:09:34.691415,meta-llama-3.1-8b-instruct,8,8,9,8,8,"The conversation is quite realistic and coherent, with natural speech patterns, though some pauses feel slightly artificial.",
meta-llama-3.1-8b-instruct_9_1759029206,2025-09-27T23:13:28.682504,meta-llama-3.1-8b-instruct,9,7,8,7,7,"The conversation is fairly realistic and coherent, but some pauses and hesitations feel slightly unnatural.",
meta-llama-3.1-8b-instruct_10_1759029443,2025-09-27T23:17:25.372970,meta-llama-3.1-8b-instruct,10,8,9,8,8,"The conversation is quite realistic and coherent, with natural speech patterns, though some responses could be slightly more human-like.",
qwen2-vl-7b-instruct_1_1759029566,2025-09-27T23:19:29.019489,qwen2-vl-7b-instruct,1,8,9,8,8,"The conversation is realistic and coherent, with natural speech patterns, making it suitable for training chatbot systems.",
qwen2-vl-7b-instruct_2_1759029789,2025-09-27T23:23:11.836283,qwen2-vl-7b-instruct,2,8,9,8,8,"The conversation is realistic and coherent, with natural speech patterns, though some responses could be more empathetic.",
qwen2-vl-7b-instruct_3_1759029912,2025-09-27T23:25:15.007270,qwen2-vl-7b-instruct,3,8,9,8,8,"The conversation is quite realistic and coherent, with natural speech patterns, though some responses could be slightly more nuanced.",
qwen2-vl-7b-instruct_4_1759029975,2025-09-27T23:26:17.463982,qwen2-vl-7b-instruct,4,8,9,8,8,"The conversation is quite realistic and coherent, with only minor areas for improvement in naturalness.",
qwen2-vl-7b-instruct_5_1759030002,2025-09-27T23:26:44.333115,qwen2-vl-7b-instruct,5,7,8,7,7,"The conversation is fairly realistic and coherent, but could benefit from more natural speech patterns and varied responses.",
qwen2-vl-7b-instruct_6_1759030150,2025-09-27T23:29:11.917419,qwen2-vl-7b-instruct,6,8,9,8,8,"The conversation is quite realistic and coherent, with natural speech patterns, though some responses could be slightly more human-like.",
qwen2-vl-7b-instruct_7_1759030273,2025-09-27T23:31:15.243370,qwen2-vl-7b-instruct,7,8,9,8,8,"The conversation is realistic and coherent, with natural speech patterns, though some pauses could be more varied.",
qwen2-vl-7b-instruct_8_1759030307,2025-09-27T23:31:48.989428,qwen2-vl-7b-instruct,8,1,1,1,1,"The conversation lacks any content, making it impossible to assess its quality.",
qwen2-vl-7b-instruct_9_1759030532,2025-09-27T23:35:34.666276,qwen2-vl-7b-instruct,9,8,9,8,8,"The conversation is realistic and coherent, with natural speech patterns, though some responses could be slightly more personalized.",
qwen2-vl-7b-instruct_10_1759030754,2025-09-27T23:39:16.814420,qwen2-vl-7b-instruct,10,8,9,8,8,"The conversation is quite realistic and coherent, with natural speech patterns, though some responses could be slightly more concise.",
